-- 003_seed_data.sql
-- Inserts all baseline data in FK-safe order.
-- FK checks temporarily disabled to handle any edge-case ordering issues.

SET FOREIGN_KEY_CHECKS = 0;

-- Customer_R1 (no FK deps)
INSERT INTO `Customer_R1` (`Email`, `PhoneNumber`) VALUES
('msivess18@dagondesign.com', '118-831-3958'),
('msyce2r@imgur.com', '143-314-8706'),
('jjimson21@php.net', '145-483-6000'),
('acaesar1j@wix.com', '165-438-6149'),
('aranklin2o@mashable.com', '175-698-4184'),
('lbonass1r@hubpages.com', '198-454-9177'),
('kgribbell10@usa.gov', '206-246-5057'),
('mhurcombe1@freewebs.com', '215-747-7587'),
('llemm13@techcrunch.com', '222-970-6984'),
('plyptradeb@wikia.com', '267-369-2408'),
('hjodlowskim@businessinsider.com', '274-341-0541'),
('vcarriagel@usgs.gov', '284-415-1320'),
('jrodway1k@godaddy.com', '293-258-5985'),
('theed1u@purevolume.com', '296-984-4452'),
('fbatchley1s@washington.edu', '317-478-1787'),
('wslimmon2h@rediff.com', '322-175-0452'),
('rdurbin16@163.com', '323-496-7657'),
('rpaleyh@dagondesign.com', '324-727-0079'),
('ktettley5@myspace.com', '331-846-9075'),
('fvasyutin14@noaa.gov', '368-707-8108'),
('amawdsley23@gravatar.com', '384-474-0357'),
('rmacgown1c@sitemeter.com', '386-156-3187'),
('edeclerkt@foxnews.com', '396-525-1826'),
('blambrook27@blogspot.com', '400-698-9315'),
('rhaisell2j@istockphoto.com', '403-618-1629'),
('bhartly1y@drupal.org', '410-279-8624'),
('wbedow1w@ow.ly', '411-908-3682'),
('acinavas9@discuz.net', '416-453-2852'),
('jbowstead2a@weebly.com', '417-687-2829'),
('icawsby2m@issuu.com', '417-930-3136'),
('pkunzel19@prlog.org', '421-384-9201'),
('seagling0@hexun.com', '423-212-8991'),
('rriccard1d@storify.com', '423-773-7860'),
('bsoldi17@java.com', '424-276-5632'),
('ptregidgad@theglobeandmail.com', '440-156-2776'),
('nmarklin2d@amazon.co.jp', '447-883-6003'),
('euff2q@slate.com', '456-992-8317'),
('bmcgeneayx@tiny.cc', '467-744-2264'),
('zzohrer1n@ihg.com', '470-416-7708'),
('mduquesnay1h@time.com', '476-182-5832'),
('ldecarteret1m@europa.eu', '479-189-9650'),
('oringer1e@bandcamp.com', '481-545-0967'),
('iwonter7@jimdo.com', '487-299-3563'),
('hdurnell1x@thetimes.co.uk', '494-176-6554'),
('ahastone@hud.gov', '497-157-5190'),
('gbatalleo@moonfruit.com', '534-480-7695'),
('tapfelu@va.gov', '542-165-9449'),
('bdacosta8@wisc.edu', '559-612-9136'),
('sderill1g@vistaprint.com', '560-906-5554'),
('cbaxter24@gov.uk', '568-501-8264'),
('ccaudwellr@ebay.co.uk', '569-993-8248'),
('mkindall2i@un.org', '572-687-1086'),
('dgarrowj@chron.com', '585-396-3318'),
('flear1q@wordpress.com', '587-621-2164'),
('rballston2p@umn.edu', '591-971-6380'),
('nlacea@weebly.com', '629-288-5459'),
('spetrowsky2g@simplemachines.org', '631-770-0486'),
('glenahan2k@weibo.com', '634-899-1002'),
('bfullbrook2s@etsy.com', '644-156-0646'),
('pchilderss@mashable.com', '661-551-9708'),
('soury1o@desdev.cn', '663-412-4520'),
('cbiggadike26@cargocollective.com', '673-972-1398'),
('cmountcastle28@shinystat.com', '688-599-4947'),
('gduprez@hibu.com', '691-819-7297'),
('afryman2l@freewebs.com', '702-329-7474'),
('abrave2b@sciencedaily.com', '709-725-7877'),
('vgeldeard25@springer.com', '713-749-7145'),
('gfairfull11@independent.co.uk', '716-443-8949'),
('kandretti2@ted.com', '718-984-2714'),
('pmaccrackan4@slideshare.net', '722-214-6693'),
('scadman20@canalblog.com', '723-107-8110'),
('afryetti@statcounter.com', '738-616-7037'),
('fscupham22@tinypic.com', '749-938-3224'),
('ihendrix1l@blogspot.com', '766-633-3975'),
('mlongmire12@github.com', '767-598-3113'),
('jkingescot2e@yolasite.com', '780-486-4009'),
('pmaccaffreyw@ted.com', '785-283-2995'),
('dvedenisov6@acquirethisname.com', '789-478-3427'),
('dfihelly1p@usnews.com', '796-166-7924'),
('mmcgoldricky@chicagotribune.com', '798-348-2869'),
('tsouthallv@shop-pro.jp', '799-106-8487'),
('jstirlingk@live.com', '807-474-9810'),
('igimblett2f@boston.com', '812-318-0182'),
('tmelato2c@gnu.org', '820-400-2246'),
('npobjoy15@columbia.edu', '824-111-5219'),
('lhitzmanng@github.io', '828-978-6509'),
('qtreffreyn@nasa.gov', '842-460-8122'),
('eritchingsf@paypal.com', '842-953-4300'),
('hdonan29@yellowbook.com', '844-131-5552'),
('lkrimmer1i@home.pl', '865-865-3976'),
('hortzenp@cbsnews.com', '874-826-7730'),
('afreanq@de.vu', '880-194-8656'),
('beakin1v@indiegogo.com', '892-495-8840'),
('ctillerton2n@theglobeandmail.com', '903-417-5384'),
('cwoodeson1z@vinaora.com', '903-556-5655'),
('aholmec@istockphoto.com', '928-191-8513'),
('bstonuary1b@domainmarket.com', '928-465-7956'),
('smarzele1a@sciencedaily.com', '935-764-6644'),
('drugiero1f@amazon.co.jp', '948-458-1249'),
('bbuckenham2t@merriam-webster.com', '953-811-1974'),
('efinicj3@imgur.com', '970-932-8701'),
('dkenford1t@soundcloud.com', '974-670-3069');

-- Customer_R2 (depends on Customer_R1)
INSERT INTO `Customer_R2` (`PhoneNumber`, `Username`, `Email`) VALUES
('118-831-3958', 'msivess18', 'msivess18@dagondesign.com'),
('143-314-8706', 'msyce2r', 'msyce2r@imgur.com'),
('145-483-6000', 'jjimson21', 'jjimson21@php.net'),
('165-438-6149', 'acaesar1j', 'acaesar1j@wix.com'),
('175-698-4184', 'aranklin2o', 'aranklin2o@mashable.com'),
('198-454-9177', 'lbonass1r', 'lbonass1r@hubpages.com'),
('206-246-5057', 'kgribbell10', 'kgribbell10@usa.gov'),
('215-747-7587', 'mhurcombe1', 'mhurcombe1@freewebs.com'),
('222-970-6984', 'llemm13', 'llemm13@techcrunch.com'),
('267-369-2408', 'plyptradeb', 'plyptradeb@wikia.com'),
('274-341-0541', 'hjodlowskim', 'hjodlowskim@businessinsider.com'),
('284-415-1320', 'vcarriagel', 'vcarriagel@usgs.gov'),
('293-258-5985', 'jrodway1k', 'jrodway1k@godaddy.com'),
('296-984-4452', 'theed1u', 'theed1u@purevolume.com'),
('317-478-1787', 'fbatchley1s', 'fbatchley1s@washington.edu'),
('322-175-0452', 'wslimmon2h', 'wslimmon2h@rediff.com'),
('323-496-7657', 'rdurbin16', 'rdurbin16@163.com'),
('324-727-0079', 'rpaleyh', 'rpaleyh@dagondesign.com'),
('331-846-9075', 'ktettley5', 'ktettley5@myspace.com'),
('368-707-8108', 'fvasyutin14', 'fvasyutin14@noaa.gov'),
('384-474-0357', 'amawdsley23', 'amawdsley23@gravatar.com'),
('386-156-3187', 'rmacgown1c', 'rmacgown1c@sitemeter.com'),
('396-525-1826', 'edeclerkt', 'edeclerkt@foxnews.com'),
('400-698-9315', 'blambrook27', 'blambrook27@blogspot.com'),
('403-618-1629', 'rhaisell2j', 'rhaisell2j@istockphoto.com'),
('410-279-8624', 'bhartly1y', 'bhartly1y@drupal.org'),
('411-908-3682', 'wbedow1w', 'wbedow1w@ow.ly'),
('416-453-2852', 'acinavas9', 'acinavas9@discuz.net'),
('417-687-2829', 'jbowstead2a', 'jbowstead2a@weebly.com'),
('417-930-3136', 'icawsby2m', 'icawsby2m@issuu.com'),
('421-384-9201', 'pkunzel19', 'pkunzel19@prlog.org'),
('423-212-8991', 'seagling0', 'seagling0@hexun.com'),
('423-773-7860', 'rriccard1d', 'rriccard1d@storify.com'),
('424-276-5632', 'bsoldi17', 'bsoldi17@java.com'),
('440-156-2776', 'ptregidgad', 'ptregidgad@theglobeandmail.com'),
('447-883-6003', 'nmarklin2d', 'nmarklin2d@amazon.co.jp'),
('456-992-8317', 'euff2q', 'euff2q@slate.com'),
('467-744-2264', 'bmcgeneayx', 'bmcgeneayx@tiny.cc'),
('470-416-7708', 'zzohrer1n', 'zzohrer1n@ihg.com'),
('476-182-5832', 'mduquesnay1h', 'mduquesnay1h@time.com'),
('479-189-9650', 'ldecarteret1m', 'ldecarteret1m@europa.eu'),
('481-545-0967', 'oringer1e', 'oringer1e@bandcamp.com'),
('487-299-3563', 'iwonter7', 'iwonter7@jimdo.com'),
('494-176-6554', 'hdurnell1x', 'hdurnell1x@thetimes.co.uk'),
('497-157-5190', 'ahastone', 'ahastone@hud.gov'),
('534-480-7695', 'gbatalleo', 'gbatalleo@moonfruit.com'),
('542-165-9449', 'tapfelu', 'tapfelu@va.gov'),
('559-612-9136', 'bdacosta8', 'bdacosta8@wisc.edu'),
('560-906-5554', 'sderill1g', 'sderill1g@vistaprint.com'),
('568-501-8264', 'cbaxter24', 'cbaxter24@gov.uk'),
('569-993-8248', 'ccaudwellr', 'ccaudwellr@ebay.co.uk'),
('572-687-1086', 'mkindall2i', 'mkindall2i@un.org'),
('585-396-3318', 'dgarrowj', 'dgarrowj@chron.com'),
('587-621-2164', 'flear1q', 'flear1q@wordpress.com'),
('591-971-6380', 'rballston2p', 'rballston2p@umn.edu'),
('629-288-5459', 'nlacea', 'nlacea@weebly.com'),
('631-770-0486', 'spetrowsky2g', 'spetrowsky2g@simplemachines.org'),
('634-899-1002', 'glenahan2k', 'glenahan2k@weibo.com'),
('644-156-0646', 'bfullbrook2s', 'bfullbrook2s@etsy.com'),
('661-551-9708', 'pchilderss', 'pchilderss@mashable.com'),
('663-412-4520', 'soury1o', 'soury1o@desdev.cn'),
('673-972-1398', 'cbiggadike26', 'cbiggadike26@cargocollective.com'),
('688-599-4947', 'cmountcastle28', 'cmountcastle28@shinystat.com'),
('691-819-7297', 'gduprez', 'gduprez@hibu.com'),
('702-329-7474', 'afryman2l', 'afryman2l@freewebs.com'),
('709-725-7877', 'abrave2b', 'abrave2b@sciencedaily.com'),
('713-749-7145', 'vgeldeard25', 'vgeldeard25@springer.com'),
('716-443-8949', 'gfairfull11', 'gfairfull11@independent.co.uk'),
('718-984-2714', 'kandretti2', 'kandretti2@ted.com'),
('722-214-6693', 'pmaccrackan4', 'pmaccrackan4@slideshare.net'),
('723-107-8110', 'scadman20', 'scadman20@canalblog.com'),
('738-616-7037', 'afryetti', 'afryetti@statcounter.com'),
('749-938-3224', 'fscupham22', 'fscupham22@tinypic.com'),
('766-633-3975', 'ihendrix1l', 'ihendrix1l@blogspot.com'),
('767-598-3113', 'mlongmire12', 'mlongmire12@github.com'),
('780-486-4009', 'jkingescot2e', 'jkingescot2e@yolasite.com'),
('785-283-2995', 'pmaccaffreyw', 'pmaccaffreyw@ted.com'),
('789-478-3427', 'dvedenisov6', 'dvedenisov6@acquirethisname.com'),
('796-166-7924', 'dfihelly1p', 'dfihelly1p@usnews.com'),
('798-348-2869', 'mmcgoldricky', 'mmcgoldricky@chicagotribune.com'),
('799-106-8487', 'tsouthallv', 'tsouthallv@shop-pro.jp'),
('807-474-9810', 'jstirlingk', 'jstirlingk@live.com'),
('812-318-0182', 'igimblett2f', 'igimblett2f@boston.com'),
('820-400-2246', 'tmelato2c', 'tmelato2c@gnu.org'),
('824-111-5219', 'npobjoy15', 'npobjoy15@columbia.edu'),
('828-978-6509', 'lhitzmanng', 'lhitzmanng@github.io'),
('842-460-8122', 'qtreffreyn', 'qtreffreyn@nasa.gov'),
('842-953-4300', 'eritchingsf', 'eritchingsf@paypal.com'),
('844-131-5552', 'hdonan29', 'hdonan29@yellowbook.com'),
('865-865-3976', 'lkrimmer1i', 'lkrimmer1i@home.pl'),
('874-826-7730', 'hortzenp', 'hortzenp@cbsnews.com'),
('880-194-8656', 'afreanq', 'afreanq@de.vu'),
('892-495-8840', 'beakin1v', 'beakin1v@indiegogo.com'),
('903-417-5384', 'ctillerton2n', 'ctillerton2n@theglobeandmail.com'),
('903-556-5655', 'cwoodeson1z', 'cwoodeson1z@vinaora.com'),
('928-191-8513', 'aholmec', 'aholmec@istockphoto.com'),
('928-465-7956', 'bstonuary1b', 'bstonuary1b@domainmarket.com'),
('935-764-6644', 'smarzele1a', 'smarzele1a@sciencedaily.com'),
('948-458-1249', 'drugiero1f', 'drugiero1f@amazon.co.jp'),
('953-811-1974', 'bbuckenham2t', 'bbuckenham2t@merriam-webster.com'),
('970-932-8701', 'efinicj3', 'efinicj3@imgur.com'),
('974-670-3069', 'dkenford1t', 'dkenford1t@soundcloud.com');

-- Storekeeper_R1 (no FK deps)
INSERT INTO `Storekeeper_R1` (`Email`, `PhoneNumber`) VALUES
('edymoke2@hatena.ne.jp', '551-951-4217'),
('smccrystal0@google.nl', '669-434-8694'),
('mjaze1@unicef.org', '881-269-2676');

-- Storekeeper_R2 (depends on Storekeeper_R1)
INSERT INTO `Storekeeper_R2` (`PhoneNumber`, `Email`, `Username`) VALUES
('551-951-4217', 'edymoke2@hatena.ne.jp', 'etewnion2'),
('669-434-8694', 'smccrystal0@google.nl', 'tcurryer0'),
('881-269-2676', 'mjaze1@unicef.org', 'eruss1');

-- Item_R2 (no FK deps)
INSERT INTO `Item_R2` (`Name`, `Category`) VALUES
('All-Purpose Flour', 'Grains & Pulses'),
('Almond Flour', 'Grains & Pulses'),
('Anchovies', 'Seafood'),
('Apple', 'Fruits & Vegetables'),
('Apricot', 'Fruits & Vegetables'),
('Arabica Coffee', 'Beverages'),
('Arborio Rice', 'Grains & Pulses'),
('Asparagus', 'Fruits & Vegetables'),
('Avocado Oil', 'Oils & Fats'),
('Banana', 'Fruits & Vegetables'),
('Basmati Rice', 'Grains & Pulses'),
('Bell Pepper', 'Fruits & Vegetables'),
('Black Coffee', 'Beverages'),
('Black Rice', 'Grains & Pulses'),
('Black Tea', 'Beverages'),
('Blueberries', 'Fruits & Vegetables'),
('Bread Flour', 'Grains & Pulses'),
('Broccoli', 'Fruits & Vegetables'),
('Brown Rice', 'Grains & Pulses'),
('Butter', 'Dairy'),
('Butter Biscuit', 'Bakery'),
('Buttermilk', 'Dairy'),
('Cabbage', 'Fruits & Vegetables'),
('Canola Oil', 'Oils & Fats'),
('Carrot', 'Fruits & Vegetables'),
('Cauliflower', 'Grains & Pulses'),
('Cheddar Cheese', 'Dairy'),
('Cheese', 'Dairy'),
('Cherry', 'Fruits & Vegetables'),
('Chocolate Biscuit', 'Bakery'),
('Coconut', 'Fruits & Vegetables'),
('Coconut Oil', 'Oils & Fats'),
('Coconut Sugar', 'Grains & Pulses'),
('Cod', 'Seafood'),
('Corn Oil', 'Oils & Fats'),
('Cottage Cheese', 'Dairy'),
('Cream', 'Dairy'),
('Cucumber', 'Fruits & Vegetables'),
('Digestive Biscuit', 'Bakery'),
('Egg (Chicken)', 'Dairy'),
('Egg (Duck)', 'Dairy'),
('Egg (Goose)', 'Dairy'),
('Egg (Quail)', 'Dairy'),
('Egg (Turkey)', 'Dairy'),
('Eggplant', 'Fruits & Vegetables'),
('Evaporated Milk', 'Dairy'),
('Feta Cheese', 'Dairy'),
('Garlic', 'Fruits & Vegetables'),
('Gouda Cheese', 'Dairy'),
('Grapes', 'Fruits & Vegetables'),
('Greek Yogurt', 'Dairy'),
('Green Beans', 'Fruits & Vegetables'),
('Green Coffee', 'Beverages'),
('Green Tea', 'Beverages'),
('Haddock', 'Seafood'),
('Halibut', 'Seafood'),
('Heavy Cream', 'Dairy'),
('Herbal Tea', 'Beverages'),
('Jasmine Rice', 'Grains & Pulses'),
('Kale', 'Fruits & Vegetables'),
('Kiwi', 'Fruits & Vegetables'),
('Lemon', 'Fruits & Vegetables'),
('Lettuce', 'Fruits & Vegetables'),
('Lime', 'Fruits & Vegetables'),
('Long Grain Rice', 'Grains & Pulses'),
('Mackerel', 'Seafood'),
('Mango', 'Fruits & Vegetables'),
('Milk', 'Dairy'),
('Mozzarella Cheese', 'Dairy'),
('Multigrain Bread', 'Bakery'),
('Mushrooms', 'Fruits & Vegetables'),
('Oatmeal Biscuit', 'Bakery'),
('Olive Oil', 'Oils & Fats'),
('Onion', 'Fruits & Vegetables'),
('Orange', 'Fruits & Vegetables'),
('Palm Oil', 'Oils & Fats'),
('Papaya', 'Fruits & Vegetables'),
('Parmesan Cheese', 'Dairy'),
('Peach', 'Fruits & Vegetables'),
('Peanut Oil', 'Oils & Fats'),
('Pear', 'Fruits & Vegetables'),
('Peas', 'Fruits & Vegetables'),
('Pineapple', 'Fruits & Vegetables'),
('Plum', 'Fruits & Vegetables'),
('Pomegranate', 'Fruits & Vegetables'),
('Potato', 'Fruits & Vegetables'),
('Powdered Sugar', 'Grains & Pulses'),
('Raw Sugar', 'Grains & Pulses'),
('Rice Flour', 'Grains & Pulses'),
('Ricotta Cheese', 'Dairy'),
('Robusta Coffee', 'Beverages'),
('Rye Bread', 'Bakery'),
('Salmon', 'Seafood'),
('Sardines', 'Seafood'),
('Sesame Oil', 'Oils & Fats'),
('Short Grain Rice', 'Grains & Pulses'),
('Sour Cream', 'Dairy'),
('Sourdough Bread', 'Bakery'),
('Spinach', 'Fruits & Vegetables'),
('Strawberries', 'Fruits & Vegetables'),
('Sunflower Oil', 'Oils & Fats'),
('Sushi Rice', 'Grains & Pulses'),
('Sweet Potato', 'Fruits & Vegetables'),
('Swiss Cheese', 'Dairy'),
('Tilapia', 'Seafood'),
('Tomato', 'Fruits & Vegetables'),
('Trout', 'Seafood'),
('Tuna', 'Seafood'),
('Vanilla Biscuit', 'Bakery'),
('Vegetable Oil', 'Oils & Fats'),
('Watermelon', 'Fruits & Vegetables'),
('Whipped Cream', 'Dairy'),
('White Bread', 'Bakery'),
('White Rice', 'Grains & Pulses'),
('White Sugar', 'Grains & Pulses'),
('White Tea', 'Beverages'),
('Whole Wheat Bread', 'Bakery'),
('Whole Wheat Flour', 'Grains & Pulses'),
('Wild Rice', 'Grains & Pulses'),
('Yogurt', 'Dairy'),
('Zucchini', 'Fruits & Vegetables');

-- Item_R1 (no FK deps at this point; FK to Item_R2 added in migration 006)
-- One row per unique item name matching Item_R2 (ItemIDs 1-121).
INSERT INTO `Item_R1` (`ItemID`, `Name`, `Quantity`, `Price`, `IsSelling`) VALUES
(1,'All-Purpose Flour',55,'1.75',1),
(2,'Almond Flour',30,'9.50',1),
(3,'Anchovies',45,'10.00',1),
(4,'Apple',80,'3.50',1),
(5,'Apricot',35,'5.00',1),
(6,'Arabica Coffee',60,'20.00',1),
(7,'Arborio Rice',40,'4.50',1),
(8,'Asparagus',25,'5.00',1),
(9,'Avocado Oil',50,'10.00',1),
(10,'Banana',90,'1.20',1),
(11,'Basmati Rice',65,'4.50',1),
(12,'Bell Pepper',70,'4.50',1),
(13,'Black Coffee',55,'15.00',1),
(14,'Black Rice',45,'6.00',1),
(15,'Black Tea',60,'5.00',1),
(16,'Blueberries',40,'10.00',1),
(17,'Bread Flour',85,'1.50',1),
(18,'Broccoli',75,'4.00',1),
(19,'Brown Rice',50,'2.50',1),
(20,'Butter',65,'3.00',1),
(21,'Butter Biscuit',30,'6.00',1),
(22,'Buttermilk',45,'2.50',1),
(23,'Cabbage',70,'1.00',1),
(24,'Canola Oil',55,'2.30',1),
(25,'Carrot',80,'1.50',1),
(26,'Cauliflower',60,'2.50',1),
(27,'Cheddar Cheese',50,'9.00',1),
(28,'Cheese',65,'9.00',1),
(29,'Cherry',35,'8.00',1),
(30,'Chocolate Biscuit',70,'5.00',1),
(31,'Coconut',40,'5.00',1),
(32,'Coconut Oil',55,'5.00',1),
(33,'Coconut Sugar',30,'5.00',1),
(34,'Cod',45,'8.00',1),
(35,'Corn Oil',60,'2.50',1),
(36,'Cottage Cheese',35,'5.00',1),
(37,'Cream',50,'2.50',1),
(38,'Cucumber',75,'1.80',1),
(39,'Digestive Biscuit',65,'4.00',1),
(40,'Egg (Chicken)',90,'0.20',1),
(41,'Egg (Duck)',55,'1.00',1),
(42,'Egg (Goose)',40,'2.50',1),
(43,'Egg (Quail)',70,'0.80',1),
(44,'Egg (Turkey)',45,'2.50',1),
(45,'Eggplant',60,'3.00',1),
(46,'Evaporated Milk',35,'2.00',1),
(47,'Feta Cheese',50,'7.00',1),
(48,'Garlic',80,'7.00',1),
(49,'Gouda Cheese',55,'7.00',1),
(50,'Grapes',65,'5.50',1),
(51,'Greek Yogurt',70,'3.00',1),
(52,'Green Beans',85,'2.00',1),
(53,'Green Coffee',40,'12.00',1),
(54,'Green Tea',55,'8.00',1),
(55,'Haddock',45,'9.00',1),
(56,'Halibut',30,'20.00',1),
(57,'Heavy Cream',60,'4.00',1),
(58,'Herbal Tea',50,'30.00',1),
(59,'Jasmine Rice',75,'4.75',1),
(60,'Kale',65,'4.00',1),
(61,'Kiwi',45,'6.00',1),
(62,'Lemon',90,'2.50',1),
(63,'Lettuce',70,'2.00',1),
(64,'Lime',55,'2.00',1),
(65,'Long Grain Rice',80,'1.50',1),
(66,'Mackerel',50,'7.50',1),
(67,'Mango',60,'5.00',1),
(68,'Milk',85,'1.00',1),
(69,'Mozzarella Cheese',45,'7.00',1),
(70,'Multigrain Bread',55,'3.50',1),
(71,'Mushrooms',70,'6.00',1),
(72,'Oatmeal Biscuit',40,'5.00',1),
(73,'Olive Oil',60,'6.00',1),
(74,'Onion',95,'2.00',1),
(75,'Orange',85,'3.00',1),
(76,'Palm Oil',50,'1.80',1),
(77,'Papaya',35,'4.50',1),
(78,'Parmesan Cheese',45,'12.00',1),
(79,'Peach',55,'4.00',1),
(80,'Peanut Oil',65,'4.00',1),
(81,'Pear',70,'4.50',1),
(82,'Peas',80,'3.00',1),
(83,'Pineapple',45,'3.50',1),
(84,'Plum',60,'4.00',1),
(85,'Pomegranate',35,'6.00',1),
(86,'Potato',90,'1.20',1),
(87,'Powdered Sugar',55,'2.50',1),
(88,'Raw Sugar',65,'1.50',1),
(89,'Rice Flour',50,'2.00',1),
(90,'Ricotta Cheese',40,'6.00',1),
(91,'Robusta Coffee',55,'10.00',1),
(92,'Rye Bread',30,'3.00',1),
(93,'Salmon',60,'15.00',1),
(94,'Sardines',75,'6.00',1),
(95,'Sesame Oil',45,'6.50',1),
(96,'Short Grain Rice',55,'3.00',1),
(97,'Sour Cream',40,'4.00',1),
(98,'Sourdough Bread',50,'4.00',1),
(99,'Spinach',65,'2.50',1),
(100,'Strawberries',70,'6.00',1),
(101,'Sunflower Oil',80,'2.50',1),
(102,'Sushi Rice',55,'4.50',1),
(103,'Sweet Potato',75,'2.00',1),
(104,'Swiss Cheese',45,'8.00',1),
(105,'Tilapia',60,'7.00',1),
(106,'Tomato',85,'2.50',1),
(107,'Trout',35,'12.00',1),
(108,'Tuna',50,'18.00',1),
(109,'Vanilla Biscuit',40,'5.50',1),
(110,'Vegetable Oil',65,'2.00',1),
(111,'Watermelon',30,'3.00',1),
(112,'Whipped Cream',55,'4.00',1),
(113,'White Bread',70,'2.50',1),
(114,'White Rice',60,'1.80',1),
(115,'White Sugar',85,'2.00',1),
(116,'White Tea',45,'25.00',1),
(117,'Whole Wheat Bread',35,'3.50',1),
(118,'Whole Wheat Flour',50,'2.75',1),
(119,'Wild Rice',40,'10.00',1),
(120,'Yogurt',75,'1.75',1),
(121,'Zucchini',65,'2.50',1);

-- CustomerOrder (depends on Customer_R1)
INSERT INTO `CustomerOrder` (`OrderID`, `CustomerEmail`, `Timestamp`) VALUES
(1,'qtreffreyn@nasa.gov','2026-03-10 15:58:00'),
(2,'gbatalleo@moonfruit.com','2026-03-11 14:58:00'),
(3,'hortzenp@cbsnews.com','2026-03-12 18:58:00'),
(4,'afreanq@de.vu','2026-03-13 20:58:00'),
(5,'ccaudwellr@ebay.co.uk','2026-03-14 15:58:00'),
(6,'pchilderss@mashable.com','2026-03-15 15:59:00'),
(7,'edeclerkt@foxnews.com','2026-03-16 15:28:00'),
(8,'tapfelu@va.gov','2026-03-17 15:38:00'),
(9,'tsouthallv@shop-pro.jp','2026-03-18 15:48:00'),
(10,'pmaccaffreyw@ted.com','2026-03-19 15:51:00'),
(11,'bmcgeneayx@tiny.cc','2026-03-20 15:52:00'),
(12,'mmcgoldricky@chicagotribune.com','2026-03-21 15:53:00'),
(13,'gduprez@hibu.com','2026-03-22 15:54:00');

-- ItemRequest (depends on Customer_R1)
INSERT INTO `ItemRequest` (`ID`, `CustomerEmail`, `Name`, `Description`) VALUES
(1,'seagling0@hexun.com','Cheddar Cheese','I want this item'),
(2,'mhurcombe1@freewebs.com','Halibut','I want this item'),
(3,'kandretti2@ted.com','White Sugar','I want this item'),
(4,'efinicj3@imgur.com','Eggplant','I want this item'),
(5,'pmaccrackan4@slideshare.net','Green Tea','I want this item'),
(6,'ktettley5@myspace.com','Lime','I want this item'),
(7,'dvedenisov6@acquirethisname.com','Avocado Oil','I want this item'),
(8,'iwonter7@jimdo.com','Tilapia','I want this item'),
(9,'bdacosta8@wisc.edu','Jasmine Rice','I want this item'),
(10,'acinavas9@discuz.net','Basmati Rice','I want this item'),
(11,'nlacea@weebly.com','Parmesan Cheese','I want this item'),
(12,'plyptradeb@wikia.com','Powdered Sugar','I want this item'),
(13,'aholmec@istockphoto.com','Sourdough Bread','I want this item'),
(14,'ptregidgad@theglobeandmail.com','Spinach','I want this item');

-- OrderItem (depends on CustomerOrder + Item_R1)
-- ItemIDs remapped to 1-121: 130→30 (Chocolate Biscuit), 148→48 (Garlic), 166→66 (Mackerel)
INSERT INTO `OrderItem` (`CustomerEmail`, `OrderID`, `ItemID`, `Quantity`) VALUES
('afreanq@de.vu',4,4,1),
('bmcgeneayx@tiny.cc',11,30,1),
('ccaudwellr@ebay.co.uk',5,22,1),
('edeclerkt@foxnews.com',7,68,2),
('gbatalleo@moonfruit.com',2,56,3),
('gduprez@hibu.com',13,66,1),
('hortzenp@cbsnews.com',3,2,2),
('mmcgoldricky@chicagotribune.com',12,48,2),
('pchilderss@mashable.com',6,40,2),
('pmaccaffreyw@ted.com',10,112,9),
('qtreffreyn@nasa.gov',1,38,1),
('tapfelu@va.gov',8,76,4),
('tsouthallv@shop-pro.jp',9,94,2);

-- PaymentInfo (depends on Customer_R1; sensitive columns dropped in migration 005)
INSERT INTO `PaymentInfo` (`ID`, `CustomerEmail`, `Type`, `Provider`, `First_Name`, `Last_Name`, `Number`, `Exp_Date`, `CVC`, `Zip`) VALUES
(84,'abrave2b@sciencedaily.com','debit','jcb','Alvan','Brave','4911480000000000000','2025-07-24','396','59775'),
(56,'acaesar1j@wix.com','credit','jcb','Amelia','Caesar','4508110000000000','2026-03-12','895','10213'),
(10,'acinavas9@discuz.net','credit','jcb','Adrien','Cinavas','4175010000000000','2025-08-30','430','72225'),
(27,'afreanq@de.vu','credit','jcb','Antoine','Frean','3587180000000000','2026-01-20','838','42500'),
(19,'afryetti@statcounter.com','credit','americanexpress','Alicia','Fryett','3550290000000000','2025-11-24','638','66189'),
(94,'afryman2l@freewebs.com','debit','jcb','Allister','Fryman','3584990000000000','2025-10-18','597','54329'),
(15,'ahastone@hud.gov','credit','diners-club-carte-blanche','Annecorinne','Haston','604872000000000000','2025-04-25','165','10205'),
(13,'aholmec@istockphoto.com','credit','jcb','Ardis','Holme','4844040000000000','2025-05-21','315','50154'),
(76,'amawdsley23@gravatar.com','credit','laser','Alvira','Mawdsley','6387080000000000','2025-11-21','588','53869'),
(97,'aranklin2o@mashable.com','debit','jcb','Archer','Ranklin','5002350000000000','2025-07-02','326','62182'),
(102,'bbuckenham2t@merriam-webster.com','debit','diners-club-enroute','Branden','Buckenham','4936260000000000','2025-08-14','865','47475'),
(9,'bdacosta8@wisc.edu','credit','jcb','Benoit','Da Costa','67062000000000000','2025-05-25','134','11882'),
(68,'beakin1v@indiegogo.com','credit','jcb','Brade','Eakin','3570860000000000','2025-09-06','970','43967'),
(101,'bfullbrook2s@etsy.com','debit','visa-electron','Berna','Fullbrook','337942000000000','2025-08-08','454','29343'),
(71,'bhartly1y@drupal.org','credit','jcb','Bartlet','Hartly','3568550000000000','2026-01-02','860','11617'),
(80,'blambrook27@blogspot.com','debit','jcb','Becky','Lambrook','3573160000000000','2026-03-10','856','64302'),
(34,'bmcgeneayx@tiny.cc','credit','bankcard','Beniamino','McGeneay','345168000000000','2025-09-30','985','57763'),
(44,'bsoldi17@java.com','credit','maestro','Betsey','Soldi','490512000000000000','2025-05-06','685','81267'),
(48,'bstonuary1b@domainmarket.com','credit','jcb','Berni','Stonuary','3589400000000000','2025-08-07','979','14562'),
(77,'cbaxter24@gov.uk','debit','jcb','Cherlyn','Baxter','3563070000000000','2025-09-04','570','50249'),
(79,'cbiggadike26@cargocollective.com','debit','mastercard','Christan','Biggadike','5020290000000000000','2025-07-22','979','24653'),
(28,'ccaudwellr@ebay.co.uk','credit','maestro','Clary','Caudwell','3589320000000000','2026-01-09','712','16433'),
(81,'cmountcastle28@shinystat.com','debit','americanexpress','Cherice','Mountcastle','201762000000000','2025-04-09','173','91704'),
(96,'ctillerton2n@theglobeandmail.com','debit','jcb','Case','Tillerton','6709450000000000','2025-06-27','981','18909'),
(72,'cwoodeson1z@vinaora.com','credit','jcb','Cordy','Woodeson','67099500000000000','2025-03-26','542','22147'),
(62,'dfihelly1p@usnews.com','credit','jcb','Debera','Fihelly','5108750000000000','2025-12-25','889','42002'),
(20,'dgarrowj@chron.com','credit','jcb','Dione','Garrow','201575000000000','2026-03-03','638','15731'),
(66,'dkenford1t@soundcloud.com','credit','switch','Dode','Kenford','5100140000000000','2025-12-13','426','55904'),
(52,'drugiero1f@amazon.co.jp','credit','jcb','Dorine','Rugiero','3536560000000000','2025-10-15','257','69150'),
(7,'dvedenisov6@acquirethisname.com','credit','bankcard','Dynah','Vedenisov','3560460000000000','2026-02-27','991','92221'),
(30,'edeclerkt@foxnews.com','credit','solo','Erny','de Clerk','5602240000000000000','2025-04-09','495','99978'),
(4,'efinicj3@imgur.com','credit','jcb','Else','Finicj','4119980000000','2025-05-04','334','42551'),
(16,'eritchingsf@paypal.com','credit','jcb','Enid','Ritchings','3565650000000000','2025-11-19','271','82834'),
(99,'euff2q@slate.com','debit','solo','Erl','Uff','5610930000000000','2025-10-21','218','61872'),
(65,'fbatchley1s@washington.edu','credit','jcb','Faustine','Batchley','3545460000000000','2025-08-08','653','38758'),
(63,'flear1q@wordpress.com','credit','mastercard','Francoise','Lear','604088000000000','2025-10-02','385','38042'),
(75,'fscupham22@tinypic.com','credit','china-unionpay','Finley','Scupham','4026500000000000','2025-05-04','417','67192'),
(41,'fvasyutin14@noaa.gov','credit','jcb','Fidelia','Vasyutin','30518300000000','2026-02-07','864','74065'),
(25,'gbatalleo@moonfruit.com','credit','jcb','Gwendolin','Batalle','3573580000000000','2025-11-17','881','74356'),
(36,'gduprez@hibu.com','credit','jcb','Guilbert','Du Pre','5893170000000000000','2025-04-07','788','24368'),
(38,'gfairfull11@independent.co.uk','credit','jcb','Gregoor','Fairfull','675922000000000000','2025-08-16','238','83687'),
(93,'glenahan2k@weibo.com','debit','jcb','Geoff','Lenahan','6333950000000000000','2025-08-31','624','41593'),
(82,'hdonan29@yellowbook.com','debit','jcb','Harwell','Donan','5100180000000000','2025-06-25','817','32840'),
(70,'hdurnell1x@thetimes.co.uk','credit','jcb','Hedwig','Durnell','3534710000000000','2025-12-15','497','51428'),
(23,'hjodlowskim@businessinsider.com','credit','jcb','Harv','Jodlowski','372301000000000','2025-08-13','961','61153'),
(26,'hortzenp@cbsnews.com','credit','visa-electron','Humfrey','Ortzen','5020790000000000000','2025-08-05','820','90356'),
(95,'icawsby2m@issuu.com','debit','switch','Iseabal','Cawsby','3580720000000000','2025-05-23','949','79803'),
(88,'igimblett2f@boston.com','debit','instapayment','Ileana','Gimblett','3574580000000000','2025-11-12','925','24636'),
(58,'ihendrix1l@blogspot.com','credit','mastercard','Ira','Hendrix','5100180000000000','2025-11-02','199','42414'),
(8,'iwonter7@jimdo.com','credit','jcb','Idell','Wonter','676790000000000000','2026-01-21','833','29043'),
(83,'jbowstead2a@weebly.com','debit','maestro','Jens','Bowstead','5602220000000000','2026-02-21','671','89354'),
(74,'jjimson21@php.net','credit','visa','Jobyna','Jimson','3579570000000000','2025-08-13','414','75903'),
(87,'jkingescot2e@yolasite.com','debit','jcb','Jeffrey','Kingescot','3534670000000000','2025-12-27','287','75503'),
(57,'jrodway1k@godaddy.com','credit','jcb','Jo-ann','Rodway','4041600000000','2025-08-14','829','97699'),
(21,'jstirlingk@live.com','credit','diners-club-international','Janenna','Stirling','3545030000000000','2025-09-09','969','62753'),
(3,'kandretti2@ted.com','credit','mastercard','Kimberlyn','Andretti','5602220000000000','2025-08-10','925','27691'),
(37,'kgribbell10@usa.gov','credit','jcb','Karen','Gribbell','36320700000000','2025-04-17','486','61617'),
(6,'ktettley5@myspace.com','credit','diners-club-enroute','Kipp','Tettley','30348100000000','2025-11-18','542','41651'),
(64,'lbonass1r@hubpages.com','credit','jcb','Lanni','Bonass','3573840000000000','2026-03-10','223','38642'),
(59,'ldecarteret1m@europa.eu','credit','bankcard','Linc','De Carteret','3589210000000000','2025-10-25','872','46606'),
(17,'lhitzmanng@github.io','credit','solo','Lief','Hitzmann','5602230000000000','2025-09-15','382','72923'),
(55,'lkrimmer1i@home.pl','credit','visa','Laverne','Krimmer','3571910000000000','2026-03-03','100','57527'),
(40,'llemm13@techcrunch.com','credit','instapayment','Lyndell','Lemm','3535990000000000','2025-09-05','154','57802'),
(54,'mduquesnay1h@time.com','credit','diners-club-enroute','Mariquilla','Duquesnay','3570950000000000','2025-05-26','390','46172'),
(2,'mhurcombe1@freewebs.com','credit','jcb','Michelle','Hurcombe','3586220000000000','2025-06-04','835','86728'),
(91,'mkindall2i@un.org','debit','bankcard','Mart','Kindall','3577200000000000','2025-08-05','435','27017'),
(39,'mlongmire12@github.com','credit','jcb','Mozelle','Longmire','3572330000000000','2025-09-10','329','70454'),
(35,'mmcgoldricky@chicagotribune.com','credit','jcb','Manya','McGoldrick','30164700000000','2026-01-06','764','60826'),
(45,'msivess18@dagondesign.com','credit','jcb','Magdalena','Sivess','3536600000000000','2025-06-05','568','46031'),
(100,'msyce2r@imgur.com','debit','visa','Maegan','Syce','201978000000000','2025-12-14','465','48598'),
(11,'nlacea@weebly.com','credit','switch','Nollie','Lace','3584380000000000','2025-09-30','939','36099'),
(86,'nmarklin2d@amazon.co.jp','debit','solo','Nelson','Marklin','5226880000000000','2025-11-11','826','56116'),
(42,'npobjoy15@columbia.edu','credit','maestro','Nedi','Pobjoy','5010120000000000','2025-08-23','376','38580'),
(51,'oringer1e@bandcamp.com','credit','americanexpress','Oliviero','Ringer','5128440000000000','2026-03-12','848','87811'),
(29,'pchilderss@mashable.com','credit','americanexpress','Philippa','Childers','3577150000000000','2025-10-16','296','70110'),
(46,'pkunzel19@prlog.org','credit','jcb','Perkin','Kunzel','6760000000000000','2026-01-10','428','47913'),
(12,'plyptradeb@wikia.com','credit','jcb','Patrizia','Lyptrade','3550440000000000','2026-03-12','917','77506'),
(33,'pmaccaffreyw@ted.com','credit','americanexpress','Priscilla','MacCaffrey','4936950000000000000','2026-03-02','268','89104'),
(5,'pmaccrackan4@slideshare.net','credit','jcb','Perle','MacCrackan','3583660000000000','2025-05-31','244','50813'),
(14,'ptregidgad@theglobeandmail.com','credit','visa-electron','Porty','Tregidga','3586090000000000','2025-05-25','943','49045'),
(24,'qtreffreyn@nasa.gov','credit','maestro','Quinton','Treffrey','3535780000000000','2026-02-11','208','30474'),
(98,'rballston2p@umn.edu','debit','laser','Romola','Ballston','4903240000000000000','2025-07-09','206','74636'),
(43,'rdurbin16@163.com','credit','maestro','Roselle','Durbin','490301000000000000','2025-03-18','543','77833'),
(92,'rhaisell2j@istockphoto.com','debit','visa','Rahal','Haisell','3562360000000000','2025-08-31','143','90242'),
(49,'rmacgown1c@sitemeter.com','credit','diners-club-carte-blanche','Randy','MacGown','3549160000000000','2025-08-29','954','47003'),
(18,'rpaleyh@dagondesign.com','credit','mastercard','Robena','Paley','50384200000000000','2025-05-01','361','79659'),
(50,'rriccard1d@storify.com','credit','diners-club-us-ca','Reynold','Riccard','5007660000000000','2026-02-27','624','33152'),
(73,'scadman20@canalblog.com','credit','mastercard','Sallyanne','Cadman','3555800000000000','2025-12-22','509','22167'),
(53,'sderill1g@vistaprint.com','credit','jcb','Sallyanne','Derill','30531100000000','2025-11-08','881','55282'),
(1,'seagling0@hexun.com','credit','jcb','Shermy','Eagling','6304470000000000','2025-07-06','770','25083'),
(47,'smarzele1a@sciencedaily.com','credit','jcb','Sallie','Marzele','337941000000000','2025-10-14','816','61392'),
(61,'soury1o@desdev.cn','credit','jcb','Sly','Oury','201431000000000','2025-08-22','706','56096'),
(89,'spetrowsky2g@simplemachines.org','debit','bankcard','Sherm','Petrowsky','6389400000000000','2025-07-04','928','96072'),
(31,'tapfelu@va.gov','credit','visa-electron','Truda','Apfel','3560720000000000','2025-09-13','181','17424'),
(67,'theed1u@purevolume.com','credit','jcb','Tarrance','Heed','3586400000000000','2026-03-04','569','46966'),
(85,'tmelato2c@gnu.org','debit','china-unionpay','Tonnie','Melato','3571840000000000','2025-11-05','630','82664'),
(32,'tsouthallv@shop-pro.jp','credit','maestro','Ted','Southall','3569480000000000','2025-05-24','114','45747'),
(22,'vcarriagel@usgs.gov','credit','diners-club-enroute','Vivian','Carriage','502093000000000000','2025-04-23','842','41654'),
(78,'vgeldeard25@springer.com','debit','jcb','Valentine','Geldeard','4905380000000000','2025-12-20','898','45400'),
(69,'wbedow1w@ow.ly','credit','bankcard','Wiatt','Bedow','604281000000000000','2025-12-25','795','89698'),
(90,'wslimmon2h@rediff.com','debit','jcb','Warde','Slimmon','4026710000000000','2025-11-29','535','76624'),
(60,'zzohrer1n@ihg.com','credit','diners-club-enroute','Zena','Zohrer','4405940000000000','2025-05-16','305','70095');

-- UpdateCart (depends on Customer_R1 + Item_R1)
-- ItemIDs remapped to 1-121: 203→3 (Anchovies), 305→15 (Black Tea), 508→8 (Asparagus)
INSERT INTO `UpdateCart` (`ItemID`, `CustomerEmail`, `Action`, `Timestamp`) VALUES
(22,'afryetti@statcounter.com','SetQuantity','2026-03-14 15:58:00'),
(5,'ahastone@hud.gov','Add','2026-03-10 15:58:00'),
(15,'eritchingsf@paypal.com','Add','2026-03-11 14:58:00'),
(3,'lhitzmanng@github.io','Remove','2026-03-12 18:58:00'),
(8,'rpaleyh@dagondesign.com','SetQuantity','2026-03-13 20:58:00');

-- UpdateInventory (depends on Storekeeper_R1 + Item_R1)
-- ItemIDs remapped to 1-121 (original 233-269 shifted down by 200).
INSERT INTO `UpdateInventory` (`ItemID`, `StorekeeperEmail`, `Action`, `Timestamp`) VALUES
(64,'edymoke2@hatena.ne.jp','Stop','2025-06-22 00:00:00'),
(65,'edymoke2@hatena.ne.jp','Stop','2025-04-24 00:00:00'),
(66,'edymoke2@hatena.ne.jp','Stop','2026-01-19 00:00:00'),
(67,'edymoke2@hatena.ne.jp','Stop','2025-08-20 00:00:00'),
(68,'edymoke2@hatena.ne.jp','Stop','2025-09-07 00:00:00'),
(69,'edymoke2@hatena.ne.jp','Stop','2025-05-25 00:00:00'),
(46,'mjaze1@unicef.org','Restock','2026-01-09 00:00:00'),
(47,'mjaze1@unicef.org','Restock','2026-01-17 00:00:00'),
(48,'mjaze1@unicef.org','Restock','2025-12-05 00:00:00'),
(49,'mjaze1@unicef.org','Restock','2025-05-05 00:00:00'),
(50,'mjaze1@unicef.org','Restock','2025-08-04 00:00:00'),
(51,'mjaze1@unicef.org','Adjust','2025-09-19 00:00:00'),
(52,'mjaze1@unicef.org','Adjust','2025-09-25 00:00:00'),
(53,'mjaze1@unicef.org','Adjust','2025-04-05 00:00:00'),
(54,'mjaze1@unicef.org','Adjust','2025-04-30 00:00:00'),
(55,'mjaze1@unicef.org','Adjust','2025-12-24 00:00:00'),
(56,'mjaze1@unicef.org','Adjust','2025-03-26 00:00:00'),
(57,'mjaze1@unicef.org','Adjust','2025-11-26 00:00:00'),
(58,'mjaze1@unicef.org','Adjust','2025-07-23 00:00:00'),
(59,'mjaze1@unicef.org','Adjust','2026-02-13 00:00:00'),
(60,'mjaze1@unicef.org','Adjust','2025-08-21 00:00:00'),
(61,'mjaze1@unicef.org','Stop','2025-09-29 00:00:00'),
(62,'mjaze1@unicef.org','Stop','2025-05-05 00:00:00'),
(63,'mjaze1@unicef.org','Stop','2025-08-28 00:00:00'),
(33,'smccrystal0@google.nl','Restock','2026-02-18 00:00:00'),
(34,'smccrystal0@google.nl','Restock','2025-03-18 00:00:00'),
(35,'smccrystal0@google.nl','Restock','2025-08-13 00:00:00'),
(36,'smccrystal0@google.nl','Restock','2025-11-27 00:00:00'),
(37,'smccrystal0@google.nl','Restock','2025-11-24 00:00:00'),
(38,'smccrystal0@google.nl','Restock','2025-12-23 00:00:00'),
(39,'smccrystal0@google.nl','Restock','2025-10-25 00:00:00'),
(40,'smccrystal0@google.nl','Restock','2025-08-18 00:00:00'),
(41,'smccrystal0@google.nl','Restock','2026-02-02 00:00:00'),
(42,'smccrystal0@google.nl','Restock','2025-12-02 00:00:00'),
(43,'smccrystal0@google.nl','Restock','2025-12-19 00:00:00'),
(44,'smccrystal0@google.nl','Restock','2025-12-31 00:00:00'),
(45,'smccrystal0@google.nl','Restock','2025-12-16 00:00:00');

-- AdminDataOperation (depends on Storekeeper_R1)
INSERT INTO `AdminDataOperation` (`OperationID`, `StorekeeperEmail`, `OperationType`, `EntityType`, `DataFormat`, `Status`, `SourceFilename`, `RequestedAt`, `CompletedAt`, `Notes`) VALUES
(1,'edymoke2@hatena.ne.jp','import','inventory','csv','success','inventory_import_batch1.csv','2026-03-15 10:05:00','2026-03-15 10:06:00','Initial inventory import'),
(2,'smccrystal0@google.nl','export','transactions','json','success','transactions_export_mar16.json','2026-03-16 14:20:00','2026-03-16 14:20:30','Prepared report for review'),
(3,'mjaze1@unicef.org','import','inventory','csv','failed','inventory_import_batch2.csv','2026-03-17 09:10:00','2026-03-17 09:11:00','One or more rows failed validation');

SET FOREIGN_KEY_CHECKS = 1;
